# SELECT With Duplicate Columns Produces Zero Results
# #720 fixed
statement ok
CREATE TABLE temp(c1 int NOT NULL PRIMARY KEY, c2 int, c3 int)

statement ok
INSERT INTO temp VALUES (1, 2, 3), (2, 3, 4)

query I nosort
SELECT c1,c1 FROM temp
----
4 values hashing to 361619205d8fd52692717ea4890ccf94

statement ok
DROP TABLE temp

# SELECT With Alias
# #795 fixed
statement ok
CREATE TABLE new(c1 int NOT NULL PRIMARY KEY, c2 int, c3 int)

statement ok
INSERT INTO new VALUES (1, 2, 3), (2, 3, 4)

query I nosort
SELECT c1 as new_name FROM new
----
2 values hashing to 6ddb4095eb719e2a9f0a3f95677d24e0

query I nosort
SELECT 1 as new_name FROM new
----
2 values hashing to f2160c8ffedf48068f2e1137e0a3a7e7

query I nosort
SELECT c1 as c2, c2 as c1 FROM new
----
4 values hashing to ac6975dcd8128ada5f5f9270b005e3d1

query I nosort
SELECT COUNT(*) AS cnt FROM new HAVING COUNT(*) > 10
----
0 values hashing to 68b329da9893e34099c7d8ad5cb9c940

query I nosort
SELECT c1 as c1, c2 as c2 FROM new
----
4 values hashing to ac6975dcd8128ada5f5f9270b005e3d1

query I nosort
SELECT c1, c2 as c1 FROM new
----
4 values hashing to ac6975dcd8128ada5f5f9270b005e3d1

statement ok
INSERT INTO new VALUES (3, 2, 10), (4, 3, 20)

# query I nosort
# SELECT COUNT(DISTINCT c2) AS STOCK_COUNT FROM new
# ----
# 1 values hashing to 26ab0db90d72e28ad0ba1e22ee510510

statement ok
DROP TABLE new

# Test for selecting with a timestamp in the where clause.
# Fix #782: selecting with timestamp in where clause will crash the system.
statement ok
CREATE TABLE now (c1 int, c2 timestamp)

statement ok
INSERT INTO now (c1, c2) VALUES (1, '2020-01-02 12:23:34.56789')

statement ok
INSERT INTO now (c1, c2) VALUES (2, '2020-01-02 11:22:33.721-05')

query I nosort
SELECT * FROM now WHERE c2 = '2020-01-02 11:22:33.721-05'
----
2 values hashing to a0e91b1aa8295dd1f1f29c33471fd5b9

statement ok
DROP TABLE now

# SELECT with arithmetic on integer and reals
statement ok
CREATE TABLE temp2 (a int, b float)

statement ok
INSERT INTO temp2 VALUES (1, 1.37)

query I nosort
SELECT a + b AS AB FROM temp2
----
1 values hashing to 8ce0fad9de37990d53615a006836d77a

query I nosort
SELECT 2+3
----
1 values hashing to 1dcca23355272056f04fe8bf20edfce0

statement ok
DROP TABLE temp2

# self-join
statement ok
CREATE TABLE xxx (id INT PRIMARY KEY, val INT);

statement ok
INSERT INTO xxx VALUES (1,1),(2,2),(3,3),(4,4);

query I nosort
SELECT * FROM xxx AS x1 JOIN xxx AS x2 ON x1.id = x2.id;
----
16 values hashing to 5411f476c4907debb6739c004a33651a

statement ok
DROP TABLE xxx

statement ok
CREATE TABLE temp3 (id INT, data INT, time INT)

statement ok
INSERT INTO temp3 VALUES (1, 10, 100),(2, 20, 200),(3, 30, 300),(4, 40, 400)

query I nosort
SELECT * FROM temp3 WHERE id=1 OR id=2 OR id=3 OR id=4
----
12 values hashing to 2401ff248c34227bb6bde09cfa997e69

query I nosort
SELECT * FROM temp3 WHERE id=1 AND data=10 AND time=100 OR id=2
----
6 values hashing to 1f0a26169aca259a4ca4294d6fd34aa2

query I nosort
SELECT * FROM temp3 WHERE (id=1 OR data=10 AND time=200) AND (time=100 OR id=2)
----
3 values hashing to 09193879dba9ab285e0ad30d0ae5678a

query I nosort
SELECT * FROM temp3 WHERE (id=2 OR (id=1 AND (time=100 AND data=10))) OR (id=3 AND data=30)
----
9 values hashing to 7ff726f07b4ea83a6d55b0edf0fb2581

query I nosort
SELECT * FROM temp3 WHERE id=1 OR time=300 AND id=3 OR id=4 AND time=200 OR id=2 AND data=20 OR id=5
----
9 values hashing to 7ff726f07b4ea83a6d55b0edf0fb2581

statement ok
DROP TABLE temp3

# left outer join

statement ok
CREATE TABLE xxx (id INT PRIMARY KEY, val INT);

statement ok
CREATE TABLE yyy (id INT PRIMARY KEY, val INT);

statement ok
INSERT INTO xxx VALUES (2,2), (3,3), (4,4), (5,5);

statement ok
INSERT INTO yyy VALUES (2,2), (3,3), (4,4);

query I nosort
SELECT * FROM xxx LEFT OUTER JOIN yyy ON xxx.id = yyy.id;
----
16 values hashing to 9b5db11aa006df4bd42954943bad4c2e

query I nosort
SELECT * FROM xxx LEFT OUTER JOIN yyy ON xxx.val = yyy.val;
----
16 values hashing to 9b5db11aa006df4bd42954943bad4c2e

statement ok
DROP TABLE xxx;

statement ok
DROP TABLE yyy;

statement ok


statement ok
CREATE TABLE tab0(col0 INTEGER, col1 INTEGER, col2 INTEGER);

statement ok
CREATE TABLE tab1(col0 INTEGER, col1 INTEGER, col2 INTEGER);

statement ok
CREATE TABLE tab2(col0 INTEGER, col1 INTEGER, col2 INTEGER);

statement ok
INSERT INTO tab0 VALUES(97,1,99);

statement ok
INSERT INTO tab0 VALUES(15,81,47);

statement ok
INSERT INTO tab0 VALUES(87,21,10);

statement ok
INSERT INTO tab0 VALUES(65, 57, 73);

statement ok
INSERT INTO tab1 VALUES(51,14,96);

statement ok
INSERT INTO tab1 VALUES(85,5,59);

statement ok
INSERT INTO tab1 VALUES(91,47,68);

statement ok
INSERT INTO tab1 VALUES(65, 57, 21);

statement ok
INSERT INTO tab2 VALUES(64,77,40);

statement ok
INSERT INTO tab2 VALUES(75,67,58);

statement ok
INSERT INTO tab2 VALUES(46,51,23);

statement ok
INSERT INTO tab2 VALUES(65, 84, 93);

query I nosort
SELECT * FROM tab0 LEFT OUTER JOIN tab1 ON tab0.col0 = tab1.col0 ORDER BY tab0.col0 ASC;
----
24 values hashing to 2a84540455705fe817e98454de2ace6c

query I nosort
SELECT * FROM tab0 LEFT OUTER JOIN tab1 ON tab0.col1 = tab1.col1 ORDER BY tab0.col1 ASC;
----
24 values hashing to 5a527294c5e516c91f3272a2cf40b839

query I nosort
SELECT * FROM tab0 LEFT OUTER JOIN tab1 ON tab0.col2 = tab1.col2 ORDER BY tab0.col2 ASC;
----
24 values hashing to 14518454e4a8b066a4b4da08adc9b70e

query I nosort
SELECT * FROM tab0 LEFT OUTER JOIN tab1 ON tab0.col0 = tab1.col0 LEFT OUTER JOIN tab2 ON tab0.col0 = tab2.col0 ORDER BY tab0.col0 ASC;
----
36 values hashing to 85710c95d9cc0b47c11f8d9f337a14ea

query I nosort
SELECT * FROM tab1 LEFT OUTER JOIN tab0 ON tab0.col0 = tab1.col0 LEFT OUTER JOIN tab2 ON tab1.col0 = tab2.col0 ORDER BY tab1.col0 ASC;
----
36 values hashing to c7a1815881623a3bd00c29e67f9e8947

query I nosort
SELECT * FROM tab2 LEFT OUTER JOIN tab0 ON tab2.col0 = tab0.col0 LEFT OUTER JOIN tab1 ON tab2.col0 = tab1.col0 ORDER BY tab2.col0 ASC;
----
36 values hashing to dd53c7839eafa8257a7c65224d248e7f

statement ok
DROP TABLE tab0;

statement ok
DROP TABLE tab1;

statement ok
DROP TABLE tab2;